Date,Lake,FishID,Initials,Mass,Length,Fibrosis,Sex,Repro_State,Schisto_Free,Schisto_Cyst,Eust,Notes,
6/1/23,frederick,1,AKH,0.81,43.8,0,M,3,0,0,0,,
6/1/23,frederick,2,AKH,0.87,44.51,0,F,2,0,0,0,,
6/1/23,frederick,3,AKH,1.12,45.7,0,F,3,0,0,0,,
6/1/23,frederick,4,AKH,1.14,50.15,0,M,2,0,0,0,,
6/1/23,frederick,5,AKH,0.88,45.3,0,M,3,0,0,0,,
6/1/23,frederick,6,AKH,0.88,44.71,0,M,3,1,0,0,,
6/1/23,frederick,7,AKH,1.04,44.17,0,M,3,7,0,0,,
6/1/23,frederick,8,AKH,0.81,42.38,0,M,3,2,0,0,,
6/1/23,frederick,9,AKH,1.17,43.59,0,F,3,0,0,0,Full gut,
6/1/23,frederick,10,AKH,1.15,48.91,0,M,2,0,0,0,,
6/1/23,frederick,11,AKH,0.88,44.32,0,M,3,0,0,0,,
6/1/23,frederick,12,AKH,2.28,54.63,0.5,F,2,8,0,0,"Gills swabbed twice, first swab dropped, fish was in MS-222 for a minute before second swab",
6/1/23,frederick,13,AKH,1.26,44.72,0,F,3,5,0,0,Huge head kidneys,
6/1/23,frederick,14,AKH,0.86,43.78,0,F,3,1,0,0,"Maybe not Schisto, long skinny worm",
6/1/23,frederick,15,AKH,1.3,49.27,0,F,2,0,0,0,,
6/1/23,frederick,16,AKH,1.55,53.27,0,F,3,1,0,0,,
6/1/23,frederick,17,AKH,0.88,41.84,0,F,3,0,0,0,,
6/2/23,sarita,1,AKH,2.55,56.36,0,F,3,0,0,0,,
6/2/23,sarita,2,AKH,2.58,61.03,0,F,3,0,0,0,"weird, cloudy gull bladder",
6/2/23,sarita,3,AKH,3.07,65.46,0,F,2,0,0,0,"Full belly, big head kidney",
6/2/23,sarita,4,AKH,2.66,65.07,0,F,2,0,0,0,Injured eye (cloudy),
6/2/23,sarita,5,AKH,0.87,43.97,0,M,2,0,0,0,Has Glugia cyst,
6/2/23,sarita,6,AKH,2.34,57.66,0,F,3,0,0,0,It is gravid,
6/2/23,sarita,7,AKH,3.22,63.75,0,M,3,0,0,0,Melonized testes and spleen,
6/2/23,sarita,8,AKH,3.64,66.02,0.5,F,3,0,0,0,,
6/2/23,sarita,9,AKH,3.08,63.54,0,F,3,0,0,0,Weird gull bladder,
6/2/23,sarita,10,AKH,2.85,65.31,0,F,3,0,0,0,,
6/2/23,bewlay,1,AKH,1,44.48,0,M,3,0,0,0,,
6/2/23,bewlay,2,AKH,0.76,39.04,0,M,3,0,1,0,,
6/2/23,bewlay,3,AKH,0.74,40.36,0,M,3,0,0,0,,
6/2/23,bewlay,4,AKH,0.46,34.16,0,M,3,0,0,0,,
6/2/23,bewlay,5,AKH,0.87,44.79,0,M,3,0,0,2,Saved Eust for RNA,
6/2/23,bewlay,6,AKH,0.61,37.88,0,M,3,0,0,0,Weird gull bladder,
6/2/23,bewlay,7,AKH,0.96,45.05,0,M,3,0,0,0,With #10 in teabag,
6/2/23,bewlay,8,AKH,0.84,40.17,0,M,3,0,0,0,"No teabag, left spine removed",
6/2/23,bewlay,9,AKH,0.72,38.55,0.5,M,3,4,0,0,"Really small Schisto, no teabag, right spine removed",
6/2/23,bewlay,10,AKH,0.54,36.47,0,F,3,0,0,0,With #7 in teabag,
6/2/23,bewlay,11,AKH,0.82,39.76,0,F,3,0,0,0,"Left spine clipped, no teabag",
6/2/23,bewlay,12,AKH,0.7,39.93,0.5,M,3,0,0,0,"Both spines clipped, no teabag",
6/3/23,pachena,1,AKH,1.05,45.78,0,F,3,10,1,0,,
6/3/23,pachena,2,AKH,0.78,41.07,0,F,3,0,0,0,,
6/3/23,pachena,3,AKH,1.19,45.45,0,M,3,6,0,0,,
6/3/23,pachena,4,AKH,0.65,38.92,0,F,3,1,0,0,Tiny,
6/3/23,pachena,5,AKH,0.83,45.02,0,F,3,2,0,0,Tiny,
6/3/23,pachena,6,AKH,0.71,38.47,0,F,3,5,0,0,Tiny,
6/3/23,pachena,7,AKH,0.58,38.75,0,M,3,1,0,0,"Tiny worm, not kept",
6/3/23,pachena,8,AKH,0.64,39.79,0,M,3,3,0,0,Photo + tiny worms,
6/3/23,pachena,9,AKH,0.83,44.29,0,M,3,6,0,0,Tiny,
6/3/23,pachena,10,AKH,0.81,44.46,0,M,3,1,0,0,"worm not in tube, too tiny",
6/3/23,pachena,11,AKH,1.15,47.83,0,F,3,2,0,0,Tiny,
6/3/23,pachena,12,AKH,0.73,41.41,0,M,3,2,0,0,"worm not in tube, too tiny",
6/3/23,pachena,13,AKH,1.16,47.33,0,F,3,3,0,0,,
6/3/23,pachena,14,AKH,0.58,47.05,0,F,3,5,0,0,,
6/3/23,pachena,15,AKH,0.85,44.37,1,F,3,3,0,0,Two of the worms are tiny,
6/3/23,pachena,16,AKH,0.73,41.24,0,F,3,14,0,0,,
6/3/23,pachena,17,AKH,0.52,37.32,0,F,3,0,0,0,,
6/3/23,pachena,18,AKH,0.56,39.18,0,F,3,0,0,0,,
6/3/23,pachena,19,AKH,0.87,44.79,0,F,3,2,0,0,"Worms not in tube, too tiny",
6/3/23,pachena,20,AKH,0.84,42.49,0,M,3,3,0,0,,
6/4/23,black,1,AKH,0.78,39.32,0,F,3,0,0,0,,
6/4/23,black,2,AKH,0.76,41.25,2,M,3,5,0,0,,
6/4/23,black,3,AKH,1.95,56.1,0,F,2,0,0,0,Glochidia on gills,
6/4/23,black,4,AKH,1.74,55.32,0,F,3,0,0,0,,
6/4/23,black,5,AKH,0.43,36.69,0,F,1,0,0,0,,
6/4/23,black,6,AKH,0.83,42.75,0,F,3,0,0,0,Dropped fish during swab,
6/4/23,black,7,AKH,0.82,42.97,0,F,3,1,0,0,"Worm too tiny to keep, bad hand writing for mass, possibly 2.82",
6/4/23,black,8,AKH,1.11,49.85,0,F,2,0,0,0,Glochidia,
6/4/23,black,9,AKH,0.93,44.34,1,F,2,2,0,0,,
6/4/23,black,10,AKH,0.74,39.69,0,F,3,3,0,0,Tiny worms,
6/4/23,black,11,AKH,0.85,44.26,0,M,3,2,1,0,,
6/4/23,black,12,AKH,1.25,45.03,2,F,3,3,2,1,Glochidia,
6/4/23,black,13,AKH,0.42,34.34,0,M,2,0,0,0,,
6/4/23,black,14,AKH,0.78,40.23,0,M,3,2,0,0,Swabbed one gill only,
6/4/23,black,15,AKH,0.92,43.86,1,M,3,4,0,0,,
6/4/23,black,16,AKH,1.34,50.56,0,F,3,0,0,0,,
6/4/23,black,17,AKH,0.62,38.24,0,M,1,0,0,0,Sex was tricky to determine,
6/4/23,black,18,AKH,0.38,34.04,0,F,1,0,0,0,,
6/4/23,black,19,AKH,0.88,42.89,3,M,3,0,0,0,,
6/4/23,black,20,AKH,1.55,52.15,0,F,3,0,0,0,,
6/4/23,skating pond,1,AKH,1.22,46.5,0,M,3,11,2,3,worms in gull bladder! Moving around! Filthy!,
6/4/23,skating pond,2,AKH,1.42,47.03,0,F,3,2,0,4,"Cloudy gull bladder, schisto super tiny, may be hard to find in tube",
6/4/23,skating pond,3,AKH,0.82,41.2,2,F,2,0,1,0,"1 incysted/dissolved worm, not saved",
6/4/23,skating pond,4,AKH,1.1,45.08,3,M,3,1,0,1,"Free Schisto so tiny, not in tube",
6/4/23,skating pond,5,AKH,1.36,48.55,3,M,3,1,1,0,"Weird gull bladder worms, 1 dead insycted Schisto, small Schisto not kept",
6/4/23,skating pond,6,AKH,1.32,47.07,3,M,3,0,1,0,Incysted was still alive,
6/4/23,skating pond,7,AKH,1.19,45.42,2,M,3,0,0,0,"Has gut tape worm, not kept",
6/4/23,skating pond,8,AKH,1.05,41.66,3,F,3,4,0,4,"Free Schisto, super tiny",
6/4/23,skating pond,9,AKH,1.15,44.58,2.5,M,3,2,0,1,"1 weird gull bladder worm, Free Schisto are super tiny",
6/4/23,skating pond,10,AKH,1.39,43.67,3,M,3,2,2,0,Weird gull bladder worms,
6/4/23,skating pond,11,AKH,1.2,46.69,0,M,3,0,0,0,,
6/4/23,skating pond,12,AKH,1,43.37,2,M,3,0,0,1,,
6/4/23,skating pond,13,AKH,1.13,44.17,0,M,3,0,0,0,,
6/4/23,skating pond,14,AKH,0.99,43.83,0.5,M,3,0,0,1,,
6/4/23,skating pond,15,AKH,1,42.83,0.5,F,3,0,0,0,only swabbed one side,
6/4/23,skating pond,16,AKH,0.98,43.18,2,F,3,1,0,3,Free Schisto Tiny,
6/4/23,skating pond,17,AKH,1.27,46.32,0,M,3,0,0,0,,
6/4/23,skating pond,18,AKH,1.2,43.84,2,M,3,1,0,0,Free Schisto too small to keep,
6/4/23,skating pond,19,AKH,0.82,41.92,3,F,3,1,1,1,,
6/4/23,skating pond,20,AKH,1.66,50.04,0.5,F,3,0,0,2,,
6/5/23,sug saw,1,AKH,0.45,35.02,3,M,3,0,0,0,Apatemon,
6/5/23,sug saw,2,AKH,0.57,40.13,0,F,3,0,0,0,Glochidia,
6/5/23,sug saw,3,AKH,0.42,36.56,0,M,3,0,0,0,,
6/5/23,sug saw,4,AKH,0.41,34.99,0,M,3,0,0,0,,
6/5/23,sug saw,5,AKH,0.46,34.05,0,M,3,0,0,0,"worms in gull bladder, glochidia",
6/5/23,sug saw,6,AKH,0.38,34.98,2,F,3,2,2,0,"Swabbed one side, tiny, can't keep",
6/5/23,sug saw,7,AKH,0.51,34.89,2,M,3,2,0,0,Worms in gut,
6/5/23,sug saw,8,AKH,0.42,33.03,2,M,3,0,1,0,Too small to keep,
6/5/23,sug saw,9,AKH,0.64,41.92,0,F,3,0,0,0,"Gull bladder worms, gut worms",
6/5/23,sug saw,10,AKH,0.58,40.21,0,M,3,0,0,0,Glochidia,
6/5/23,sug saw,11,AKH,0.32,33.22,4,F,3,0,0,0,"No sign of worms, extreme fibrosis",
6/5/23,sug saw,12,AKH,0.39,32.35,4,F,3,0,1,0,Apatemon in muscle,
6/5/23,sug saw,13,AKH,0.6,40.95,2,F,3,0,0,0,,
6/5/23,sug saw,14,AKH,0.82,43.44,0,F,3,0,0,0,Worms in gull bladder,
6/5/23,sug saw,15,AKH,0.28,32.23,2,F,2,0,2,0,,
6/5/23,sug saw,16,AKH,0.54,37.71,0,F,3,0,0,0,"Swabbed one side, glochidia, worm in gull bladder and gut",
6/5/23,sug saw,17,AKH,0.44,36.11,4,F,3,0,1,0,"Parasites in gut, apatemon",
6/5/23,sug saw,18,AKH,0.66,41.24,0.5,F,3,0,0,0,Worms in gull bladder,
6/5/23,sug saw,19,AKH,0.34,32.12,4,F,3,0,0,0,Swabbed one side ,
6/5/23,sug saw,20,AKH,0.58,38.94,4,F,3,0,0,0,,
6/6/23,rss,1,AKH,1.2,45.04,0,M,3,8,0,0,Swabbed one side,
6/6/23,rss,2,AKH,0.65,38.52,0,M,1,2,0,0,,
6/6/23,rss,3,AKH,1.41,48.76,0,M,3,0,0,0,,
6/6/23,rss,4,AKH,0.72,42.33,0,F,2,0,0,0,,
6/6/23,rss,5,AKH,0.54,37.05,0,F,1,3,0,0,1 schisto cut in half,
6/6/23,rss,6,AKH,1.45,50.48,0,M,3,0,0,0,"Couple of worms in gut, not schisto",
6/6/23,rss,7,AKH,1.52,53.49,0,M,3,0,0,0,,
6/6/23,rss,8,AKH,1.12,45.96,0,M,3,0,0,0,,
6/6/23,rss,9,AKH,3,58.64,0,F,3,0,0,0,,
6/6/23,rss,10,AKH,1.95,50.43,0,F,3,0,0,0,,
6/6/23,rss,11,AKH,2,51.69,0,M,3,5,0,0,"Apatemon, glochidia",
6/6/23,rss,12,AKH,1.79,53.5,0,M,3,0,0,0,Gull bladder parasites,
6/6/23,rss,13,AKH,0.95,45.27,0,M,3,0,0,0,Apatemon ,
6/6/23,rss,14,AKH,1.66,49.17,0,F,3,0,0,0,Apatemon,
6/6/23,rss,15,AKH,1.55,50.38,0,M,3,0,0,0,,
6/8/23,mcn,1,AKH,1.56,51.76,0,F,3,0,0,0,,
6/8/23,mcn,2,AKH,1.34,49.26,0,M,3,0,0,0,Glugia,
6/8/23,mcn,3,AKH,1.51,53.86,0,M,3,0,0,0,,
6/8/23,mcn,4,AKH,1.12,47.02,0,F,2,0,0,0,Lot of fat,
6/8/23,mcn,5,AKH,1.71,52.92,0,M,3,0,0,0,,
6/8/23,mcn,6,AKH,1.62,51.22,0,M,3,0,0,0,,
6/8/23,mcn,7,AKH,1.32,49.47,0,M,3,0,0,0,Glugia,
6/8/23,mcn,8,AKH,1.58,53.54,0,M,3,0,0,0,Glugia,
6/8/23,mcn,9,AKH,1.5,49.52,0,M,3,0,0,0,,
6/8/23,mcn,10,AKH,1.58,52.11,0,M,3,0,0,0,,
6/9/23,cedar,1,AKH,1.56,52.03,0,M,3,0,0,0,,
6/9/23,cedar,2,AKH,0.99,44.68,0,F,3,0,0,0,,
6/9/23,cedar,3,AKH,1.11,45.7,0,M,3,0,0,0,,
6/9/23,cedar,4,AKH,0.78,41.75,0,F,1,0,0,0,,
6/9/23,cedar,5,AKH,1.22,45.35,0,M,3,0,0,0,Glochidia,
6/9/23,cedar,6,AKH,0.65,40.2,0,F,1,0,0,0,,
6/9/23,cedar,7,AKH,1.21,47.9,0,M,3,0,0,0,,
6/9/23,cedar,8,AKH,1.08,46.04,0,M,3,1,0,0,,
6/9/23,cedar,9,AKH,1.45,50.36,0,M,3,0,0,0,,
6/9/23,cedar,10,AKH,1,44.83,0,M,3,0,0,0,Gut tape worm,
6/9/23,cedar,11,AKH,1.11,47.5,0,M,3,0,0,0,,
6/9/23,msk,1,AKH,1,43.18,0,M,3,0,0,0,,
6/9/23,msk,2,AKH,1.34,50.82,0,F,3,0,0,0,,
6/9/23,msk,3,AKH,1.45,49.06,0,M,3,0,0,0,,
6/9/23,msk,4,AKH,1.52,52.73,0,F,3,0,0,0,,
6/9/23,msk,5,AKH,0.95,46.51,0,F,1,0,0,0,,
6/9/23,msk,6,AKH,1.45,51.02,0.5,M,3,1,0,0,,
6/9/23,msk,7,AKH,1.57,50.88,0,M,3,0,0,0,Glugia?,
6/9/23,msk,8,AKH,1.75,51.78,0.5,F,3,2,0,0,"1 Schisto small, apatemon",
6/9/23,msk,9,AKH,1,45.84,0,M,2,0,0,0,,
6/9/23,msk,10,AKH,2,54.73,0,M,3,0,0,0,,
6/9/23,msk,11,AKH,1.46,51.34,0,F,3,0,0,0,,
6/9/23,msk,12,AKH,1.46,51.67,0,M,3,0,0,0,,
6/9/23,far,1,AKH,0.95,42.58,0,M,3,0,0,1,,
6/9/23,far,2,AKH,1,46.68,0,M,3,0,0,0,,
6/9/23,far,3,AKH,0.69,40.55,0,F,1,0,0,0,,
6/9/23,far,4,AKH,0.8,44.31,0,F,2,0,0,0,,
6/9/23,far,5,AKH,1.22,46.95,0,M,3,0,0,0,,
6/9/23,far,6,AKH,0.93,45.6,0,F,3,0,0,0,,
6/9/23,far,7,AKH,0.69,42.96,0,F,3,0,0,0,Has apatemon,
6/9/23,far,8,AKH,0.94,45.73,0,M,3,0,0,0,,
6/9/23,far,9,AKH,1.51,53.34,0,M,3,0,0,0,,
6/9/23,far,10,AKH,1.83,54.54,0,F,3,0,0,0,,
6/10/23,amor,1,AKH,1.14,50.23,0,F,3,0,0,0,Apatemon,
6/10/23,amor,2,AKH,0.55,36.87,0,M,3,1,0,0,,
6/10/23,amor,3,AKH,0.81,43.15,0,M,3,0,0,0,,
6/10/23,amor,4,AKH,0.98,43.9,0,M,3,0,0,0,Apatemon,
6/10/23,amor,5,AKH,2.11,56.32,0,M,3,0,0,2,,
6/10/23,amor,6,AKH,1.25,49.03,0,F,3,0,0,0,,
6/10/23,amor,7,AKH,0.96,43.03,0,M,3,1,0,1,,
6/10/23,amor,8,AKH,0.84,43.19,0,M,3,1,0,0,Apatemon,
6/10/23,amor,9,AKH,0.48,36,0,F,1,2,0,0,,
6/10/23,amor,10,AKH,0.63,40.27,0,M,3,0,0,0,,
6/10/23,amor,11,AKH,0.34,30.42,0,F,3,0,0,0,,
6/10/23,amor,12,AKH,1.16,44.58,0,M,3,2,0,0,,
6/10/23,amor,13,AKH,0.75,41.99,0,F,3,0,0,0,Apatemon,
6/10/23,amor,14,AKH,0.69,39.12,0,F,3,0,0,0,,
6/10/23,amor,15,AKH,0.93,45.41,0,M,3,0,0,0,,
6/10/23,comida,1,AKH,1.75,53.25,0,M,3,0,0,0,,
6/10/23,comida,2,AKH,1,48.61,0,M,3,0,0,0,,
6/10/23,comida,3,AKH,1.61,51.49,0,M,3,0,0,0,,
6/10/23,comida,4,AKH,1.55,52.47,0,M,3,0,0,0,,
6/10/23,comida,5,AKH,1.85,54.57,0,M,3,0,0,0,,
6/10/23,comida,6,AKH,3.76,71.24,0,F,3,1,0,0,Big worm,
6/10/23,comida,7,AKH,1.38,50.08,0,M,3,0,0,0,Worms in gut,
6/10/23,comida,8,AKH,1.84,56.74,0,M,3,0,0,0,,
6/10/23,comida,9,AKH,1.88,54.28,0,M,3,0,0,0,,
6/10/23,comida,10,AKH,1.86,53.15,0,M,3,0,0,0,,
6/10/23,comida,11,AKH,1.45,51.41,0,M,3,0,0,0,Worms in gut,
6/11/23,dugout,1,AKH,2.15,55.91,0,F,3,0,0,0,,
6/11/23,dugout,2,AKH,2.69,59.06,0,M,3,0,0,0,,
6/11/23,dugout,3,AKH,1.88,56.03,0,M,3,0,0,0,,
6/11/23,dugout,4,AKH,1.37,49.34,0,M,3,0,0,0,,
6/11/23,dugout,5,AKH,2,55.39,0,M,3,0,0,0,,
6/11/23,dugout,6,AKH,1.64,50.49,0,M,3,0,0,0,,
6/11/23,dugout,7,AKH,0.8,41.3,0,F,1,0,0,0,,
6/11/23,dugout,8,AKH,0.63,38.52,0,M,1,0,0,0,,
6/11/23,dugout,9,AKH,1.61,51.89,0,F,3,0,0,0,,
6/11/23,dugout,10,AKH,1.57,53.77,0,M,3,0,0,0,,
6/11/23,ormand,1,AKH,1.17,46.96,0,M,3,0,0,0,,
6/11/23,ormand,2,AKH,1.14,47.6,0,F,3,0,0,0,Worms in gut,
6/11/23,ormand,3,AKH,1.57,52.54,0,M,3,0,0,0,Glochidia,
6/11/23,ormand,4,AKH,1.68,52.52,0,M,3,0,0,0,Glochidia,
6/11/23,ormand,5,AKH,1.49,51.72,0,F,3,0,0,0,Glochidia,
6/11/23,ormand,6,AKH,1.81,53.26,0,M,3,0,0,0,Glochidia,
6/11/23,ormand,7,AKH,1.71,52.87,0,M,3,0,0,0,Glochidia,
6/11/23,ormand,8,AKH,1.31,48.17,0,M,3,0,0,0,,
6/11/23,ormand,9,AKH,1.55,52.03,0,M,3,0,0,0,Glochidia,
6/11/23,ormand,10,AKH,1.42,48.46,3,M,3,0,0,1,"Glochidia, very large worm",
6/11/23,ormand,11,AKH,1.37,52.28,0,M,3,0,0,0,,
6/12/23,mud,1,AKH,2.06,59.21,0,M,3,0,0,0,,
6/12/23,mud,2,AKH,1.93,55.4,0,M,3,0,0,0,,
6/12/23,mud,3,AKH,1.74,54.55,0,M,3,0,0,0,,
6/12/23,mud,4,AKH,1.8,55.6,0,M,3,0,0,0,Glochidia,
6/12/23,mud,5,AKH,1.92,58.6,0,M,1,0,0,0,Maybe glochidia,
6/12/23,mud,6,AKH,1.96,55.76,0,M,3,0,0,0,,
6/12/23,mud,7,AKH,1.49,51.75,0.5,M,3,0,0,0,,
6/12/23,mud,8,AKH,1.08,49.65,0,F,3,0,0,0,Gill copepod parasites,
6/12/23,mud,9,AKH,1.54,51.1,0,M,3,0,0,0,,
6/12/23,mud,10,AKH,1.11,48.23,0,F,1,0,0,0,,
6/12/23,blackwater,1,AKH,0.93,46.04,0,F,3,0,0,1,,
6/12/23,blackwater,2,AKH,1.44,49.96,0,M,3,0,0,0,,
6/12/23,blackwater,3,AKH,1.65,53.33,0,F,3,0,0,0,,
6/12/23,blackwater,4,AKH,1.21,50.29,0,M,3,0,0,0,,
6/12/23,blackwater,5,AKH,0.96,46.77,0,F,1,0,0,0,,
6/12/23,blackwater,6,AKH,0.91,46.13,0,M,3,0,0,0,,
6/12/23,blackwater,7,AKH,0.87,43.14,0,F,3,0,0,0,,
6/12/23,blackwater,8,AKH,0.73,43.68,0,M,3,0,0,0,,
6/12/23,blackwater,9,AKH,0.73,39.5,0,F,1,0,0,0,,
6/12/23,blackwater,10,AKH,1.16,48.63,0,M,3,0,0,1,,
6/13/23,lowerstella,1,AKH,1.51,35.74,0,F,3,0,0,0,Gill copepod parasites,
6/13/23,lowerstella,2,AKH,0.98,43.78,0,F,3,0,0,0,Apatemon,
6/13/23,lowerstella,3,AKH,0.32,31.77,0,F,3,0,0,1,Probably a fry (?),
6/13/23,lowerstella,4,AKH,0.52,36.92,0,M,3,0,0,0,,
6/13/23,lowerstella,5,AKH,0.97,42.37,0,M,3,0,0,0,,
6/12/23,lowerstella,6,AKH,1.47,49.42,0,F,3,0,0,0,Apatemon,
6/13/23,lowerstella,7,AKH,0.65,38.03,0,M,3,0,0,0,,
6/13/23,lowerstella,8,AKH,0.44,36.13,0,M,3,0,0,0,,
6/13/23,lowerstella,9,AKH,0.78,39.36,0,M,3,0,0,0,,
6/13/23,lowerstella,10,AKH,0.51,35.04,1,M,3,0,0,1,Apatemon,
6/13/23,lowerstella,11,AKH,0.89,42.38,0,M,3,0,0,1,,
6/13/23,stella,1,AKH,0.57,38.47,0,M,3,0,0,0,Gill copepod parasites,
6/13/23,stella,2,AKH,0.85,41.62,0,F,3,0,0,0,Gill copepod parasites and glochidia,
6/13/23,stella,3,AKH,0.62,40.04,0,M,3,0,0,0,"Apatemon, gill copepod parasites and glochidia",
6/12/23,stella,4,AKH,1.35,48.86,0,F,3,0,0,0,Apatemon ,
6/13/23,stella,5,AKH,0.7,39.05,0,M,3,0,0,0,,
6/13/23,stella,6,AKH,0.7,37.58,0,F,3,0,0,0,"Took both spines, apatemon",
6/13/23,stella,7,AKH,0.59,38.9,0,F,3,0,0,0,,
6/13/23,stella,8,AKH,0.59,37.64,0,M,3,0,0,0,Took both spines,
6/12/23,stella,9,AKH,0.69,34.84,0,M,3,0,0,0,Lots of glugea,
6/13/23,stella,10,AKH,0.67,38.2,0,M,3,1,0,0,Worm broke in half,
6/13/23,stella,11,AKH,0.6,37.61,0,M,3,1,0,0,Took both spines,
6/13/23,stella,12,AKH,0.65,38.19,0,M,3,0,0,0,,
6/13/23,stella,13,AKH,0.64,40.61,0,M,3,0,0,0,,
6/15/23,mccreight,1,AKH,0.96,45.08,0,F,3,1,0,0,Glochidia,
6/15/23,mccreight,2,AKH,0.94,44.53,0,F,3,0,0,0,Glochidia,
6/15/23,mccreight,3,AKH,0.93,42.89,0,F,3,0,0,0,Fish 2 and 3 may have mixed up swabs,
6/15/23,mccreight,4,AKH,1,43.4,0,F,3,0,1,0,Gill copepod parasites,
6/15/23,mccreight,5,AKH,1.65,51.97,0,M,3,0,2,0,"Unclear worms in liver, did not keep",
6/15/23,mccreight,6,AKH,1.33,46.79,0,F,3,0,1,0,Gill copepod parasites and glochidia,
6/15/23,mccreight,7,AKH,1.76,52.67,0,M,3,0,0,0,,
6/15/23,mccreight,8,AKH,0.82,43.03,0,F,3,0,0,1,Gill copepod parasites and glochidia,
6/15/23,mccreight,9,AKH,1.83,52.38,0,F,3,0,1,0,"Both spines taken, apatemon, glochidia, gill copepod parasites",
6/15/23,mccreight,10,AKH,0.56,37.67,0,F,1,0,0,0,Apatemon,
6/15/23,mccreight,11,AKH,2,54.57,0,F,3,0,0,0,Gill copepod parasites and glochidia,
6/15/23,mccreight,12,AKH,1.19,45.45,0,F,3,0,0,0,Glochidia,
6/15/23,mccreight,13,AKH,2.11,NA,0,F,3,0,1,0,Gill copepod parasites and glochidia,
6/15/23,mccreight,14,AKH,0.96,46.07,0,F,2,0,0,0,Gill copepod parasites and glochidia,
6/15/23,mccreight,15,AKH,0.83,40.28,0,F,3,0,0,0,,
6/15/23,roberts,1,AKH,0.74,37.73,0,F,3,0,0,0,,
6/15/23,roberts,2,AKH,1.09,46.26,0,F,3,0,0,0,"Apatemon, gill copepod parasites",
6/15/23,roberts,3,AKH,0.64,39.38,0,F,3,0,0,0,Apatemon ,
6/15/23,roberts,4,AKH,0.95,46.29,0,F,3,0,0,0,"Apatemon, gill copepod parasites and glochidia",
6/15/23,roberts,5,AKH,0.37,35.95,0,F,3,0,0,0,Apatemon,
6/15/23,roberts,6,AKH,0.53,36.92,0,F,3,0,0,0,"Swabbed one side only, apatemon",
6/15/23,roberts,7,AKH,0.61,39.53,0,M,3,0,0,0,,
6/15/23,roberts,8,AKH,0.49,35.71,0,F,3,0,0,0,Apatemon,
6/15/23,roberts,9,AKH,0.63,40.8,0,M,3,0,0,0,,
6/15/23,roberts,10,AKH,0.49,34.53,0,F,3,0,0,0,Apatemon,
6/15/23,mohun,1,AKH,0.74,39.14,0,M,3,0,0,0,Apatemon,
6/15/23,mohun,2,AKH,0.54,37.42,0,F,3,0,0,0,,
6/15/23,mohun,3,AKH,0.84,41.61,0,F,3,0,0,0,Gill copepod parasites and apatemon,
6/15/23,mohun,4,AKH,0.98,43.43,0,F,3,0,0,0,,
6/15/23,mohun,5,AKH,1.4,47.88,0,F,3,0,0,1,,
6/15/23,mohun,6,AKH,1,44.19,0,F,3,0,0,1,,
6/15/23,mohun,7,AKH,1.06,46.39,0,F,3,0,0,0,Apatemon,
6/15/23,mohun,8,AKH,0.76,42.27,0,F,3,1,0,0,Apatemon,
6/15/23,mohun,9,AKH,1.05,45.52,0,F,3,0,0,0,Apatemon,
6/15/23,mohun,10,AKH,0.85,41.74,0,F,3,0,0,0,Apatemon,
6/15/23,mohun,11,AKH,0.35,31.81,0,M,2,0,0,0,,
6/16/23,brewster,1,AKH,1.54,50.54,0,M,3,0,0,0,Apatemon and glochidia,
6/16/23,brewster,2,AKH,1.74,52.98,0,F,3,0,1,0,"Worm too small for tube, no tube",
6/16/23,brewster,3,AKH,3.09,65.38,0.5,F,2,0,0,0,,
6/16/23,brewster,4,AKH,0.81,42.48,0,M,2,0,0,0,Apatemon,
6/16/23,brewster,5,AKH,2,54.94,0.5,F,3,0,2,0,Apatemon,
6/16/23,brewster,6,AKH,3,63.16,0,M,3,0,0,0,Glochidia,
6/16/23,brewster,7,AKH,1.47,52.57,0,M,3,0,0,1,Glochidia,
6/16/23,brewster,8,AKH,1.56,50.94,0,M,3,0,0,0,,
6/16/23,brewster,9,AKH,1.06,46.53,0,M,3,0,0,0,Apatemon and glochidia,
6/16/23,brewster,10,AKH,1.14,48.33,0,F,3,0,0,0,Apatemon ,
6/16/23,brewster,11,AKH,1.35,51.44,0,M,3,0,0,0,,
6/16/23,brewster,12,AKH,1.72,51.83,0,F,3,0,0,0,Apatemon,
6/17/23,merrill,1,AKH,1.69,54.28,0,M,1,1,0,0,Apatemon,
6/17/23,merrill,2,AKH,1.23,47.29,0.5,F,1,3,0,0,1 worm cut,
6/17/23,merrill,3,AKH,1.54,51.89,0.5,F,1,3,0,0,,
6/17/23,merrill,4,AKH,1.3,49.33,0,F,1,1,0,0,Apatemon,
6/17/23,merrill,5,AKH,2,56.64,0,F,1,1,0,0,Glochidia,
6/17/23,merrill,6,AKH,1.39,49.06,1,F,1,3,0,0,Apatemon,
6/17/23,merrill,7,AKH,1.96,57.46,0,F,1,2,0,0,Apatemon,
6/17/23,merrill,8,AKH,1.76,54.07,0.5,F,1,2,0,1,,
6/17/23,merrill,9,AKH,2.11,57.68,0,M,1,3,0,0,"Cut one schisto, glochidia",
6/17/23,merrill,10,AKH,1.68,56.91,0,F,1,1,0,0,"Glochidia, apatemon",
6/17/23,merrill,11,GAC,0.8,42.82,0,F,1,1,0,0,,
6/17/23,merrill,12,GAC,1.65,53.97,0,F,1,1,0,0,,
6/17/23,merrill,13,GAC,1.44,52.91,1,F,1,1,0,1,,
6/17/23,merrill,14,GAC,1.12,48.27,0.5,F,1,1,0,0,,
6/17/23,merrill,15,GAC,1.34,49.1,0,F,1,2,0,0,,
6/17/23,merrill,16,GAC,1.12,44.9,0,M,1,7,1,0,,
6/17/23,merrill,17,GAC,1.39,50.46,0.5,F,1,1,0,0,,
6/17/23,merrill,18,GAC,0.8,44.57,0,M,1,2,0,0,Apatemon,
6/17/23,merrill,19,GAC,1.12,46.92,0,M,1,1,0,0,,
6/17/23,merrill,20,GAC,1.73,53.68,0.5,M,1,5,0,0,,
6/17/23,boot,1,AKH,1.44,51.52,0,M,1,1,0,0,Glochidia,
6/17/23,boot,2,AKH,5.04,78.22,2,F,3,1,0,0,,
6/17/23,boot,3,AKH,4.06,76.48,2,F,2,2,0,0,Glochidia and apatemon,
6/17/23,boot,4,AKH,3.32,70.76,1,M,3,0,0,0,Glochidia ,
6/17/23,boot,5,AKH,1.06,47.89,0,F,1,2,0,0,Apatemon,
6/17/23,boot,6,AKH,2.08,58.02,1,F,3,0,0,1,Glochidia,
6/17/23,boot,7,AKH,4.15,71.22,0.5,F,3,1,0,0,Glugea and glochidia,
6/17/23,boot,8,AKH,1.71,59.1,4,NA,1,0,4,0,Can't keep schisto,
6/17/23,boot,9,AKH,3.44,72.75,1,F,2,2,0,0,Worm in swim bladder,
6/17/23,boot,10,AKH,1.29,46.86,0.5,F,1,2,0,5,,
6/17/23,boot,11,AKH,2.06,58.62,0,F,1,3,1,1,"Apatemon, two small schisto are incysted, glochidia",
6/17/23,boot,12,AKH,3.78,73.93,2,M,3,6,2,0,Glochidia,
6/17/23,boot,13,AKH,3.75,67.28,1,F,3,1,1,0,"incysted schisto is smaller and dead, glochidia",
6/17/23,boot,14,AKH,6.31,80.06,0,F,2,5,0,0,Glugea and glochidia,
6/17/23,boot,15,AKH,4.16,72.76,1,F,3,2,0,0,Worms in gut,
6/17/23,boot,16,AKH,3.12,68.87,2,M,3,0,1,0,Apatemon ,
6/17/23,boot,17,AKH,3.3,69.07,3,F,3,3,2,0,"Very skinny worms, schisto??, incysted schisto are small",
6/17/23,boot,18,AKH,3.31,70.15,3,M,3,0,1,0,Apatemon and glochidia,
6/17/23,boot,19,AKH,3.26,69.63,3,M,3,11,22,0,Free and incysted schisto are in different tubes,
6/17/23,boot,20,AKH,5.95,80.28,3,F,2,3,2,0,"Full of pus, incysted schisto are small",
6/18/23,gray,1,AKH,1.84,54.75,0,F,3,0,0,0,,
6/18/23,gray,2,AKH,1.86,54.34,0,M,3,0,0,0,Apatemon,
6/18/23,gray,3,AKH,1.33,48.57,0,F,1,0,0,0,,
6/18/23,gray,4,AKH,2.47,62.19,0,F,2,0,0,0,"Took both spines, apatemon, glochidia",
6/18/23,gray,5,AKH,0.88,46.66,0,M,1,0,0,0,,
6/18/23,gray,6,AKH,1.32,50.5,0,F,1,0,0,0,,
6/18/23,gray,7,AKH,1.1,48.26,0,F,2,0,0,0,Gill copepod parasites,
6/18/23,gray,8,AKH,1.9,56.5,0,F,3,0,0,0,Apatemon,
6/18/23,gray,9,AKH,3,64.92,0,F,3,0,0,0,,
6/18/23,gray,10,AKH,1.33,52.66,0,M,3,0,0,0,"Glugia, apatemon",
6/18/23,gray,11,AKH,1.72,55.49,0,M,3,0,0,0,,
6/18/23,fry,1,AKH,2.77,59.5,0,F,3,0,0,2,Glochidia,
6/18/23,fry,2,AKH,2.82,62.37,0,M,3,0,0,2,Glochidia,
6/18/23,fry,3,AKH,3.76,66.09,0,F,3,0,0,2,,
6/18/23,fry,4,AKH,2.14,56.46,0,F,3,0,0,0,Glochidia,
6/18/23,fry,5,AKH,2.85,61.64,0,F,3,0,0,0,,
6/18/23,fry,6,AKH,2.92,59.81,0,F,3,0,0,0,Glochidia,
6/18/23,fry,7,AKH,2.09,54.61,3,M,3,0,0,0,,
6/18/23,fry,8,AKH,4.71,72.15,0,F,3,0,0,0,Glochidia,
6/18/23,fry,9,AKH,2.94,64.21,0,F,3,0,0,0,,
6/18/23,fry,10,AKH,2.39,63.62,0,M,3,0,0,0,Glugea,
6/18/23,fry,11,AKH,3.7,64.04,0,F,3,0,0,0,Glochidia,
6/19/23,lawson,1,AKH,3,65.69,0,F,3,2,0,0,Glochidia,
6/19/23,lawson,2,AKH,2.13,58.26,0,M,3,0,0,0,,
6/19/23,lawson,3,AKH,2.55,62.23,0,M,3,0,0,0,Gill copepod parasites,
6/19/23,lawson,4,AKH,4.56,76.81,0,F,3,0,0,0,Gill copepod parasites,
6/19/23,lawson,5,AKH,2.77,62.16,0,M,3,0,0,0,Glochidia,
6/19/23,lawson,6,AKH,4.73,73.43,0,F,3,0,0,0,Gill copepod parasites and glochidia,
6/19/23,lawson,7,AKH,1.71,56.08,0,F,1,0,0,0,Gill copepod parasites and glochidia,
6/19/23,lawson,8,AKH,3.91,72.83,0,M,3,1,0,1,"Lots of gill copepod parasites, schisto is long and thin, glochidia",
6/19/23,lawson,9,AKH,2.17,57.57,0,M,3,0,0,0,Gill copepod parasites,
6/19/23,lawson,10,AKH,5.38,76.47,0,F,3,0,0,0,"Gill copepod parasites, glochidia",
6/19/23,lawson,11,AKH,2.47,60.01,0,M,3,0,0,0,,
6/19/23,lawson,12,AKH,2.67,61.45,0,M,3,0,0,2,,
6/19/23,lowercampbell,1,AKH,1.71,54.24,0,M,3,0,0,0,,
6/19/23,lowercampbell,2,AKH,3.15,63.65,0,M,3,0,0,0,,
6/19/23,lowercampbell,3,AKH,2.47,57.47,0,M,3,0,0,1,,
6/19/23,lowercampbell,4,AKH,2.65,59.66,0,M,3,0,0,0,,
6/19/23,lowercampbell,5,AKH,1.78,52.02,0,M,3,0,0,0,,
6/19/23,lowercampbell,6,AKH,2.78,58.85,0,F,3,0,0,0,,
6/19/23,lowercampbell,7,AKH,4.73,68.02,0,F,3,0,0,0,,
6/19/23,brownbay,1,AKH,0.83,42.04,0,M,3,0,0,0,Apatemon,
6/19/23,brownbay,2,AKH,0.72,41.95,0,F,3,0,0,0,Apatemon,
6/19/23,brownbay,3,AKH,0.75,39.52,0,M,3,0,0,0,Apatemon,
6/19/23,brownbay,4,AKH,2.72,58.87,0,F,3,0,0,0,,
6/19/23,brownbay,5,AKH,0.9,43.34,0,M,3,0,0,0,,
6/19/23,brownbay,6,AKH,0.9,43.51,0,M,3,0,0,0,,
6/19/23,brownbay,7,AKH,0.73,42.49,0,F,3,0,0,0,Glochidia,
6/19/23,brownbay,8,AKH,1.91,55.13,0,M,3,0,0,0,,
6/19/23,brownbay,9,AKH,1.44,52.36,0,F,3,0,0,0,,
6/19/23,brownbay,10,AKH,0.71,41.75,0,M,1,0,0,0,,
6/20/23,littlemud,1,AKH,0.89,45.56,0,M,2,0,0,0,Gill copepod parasites and aptemon,
6/20/23,littlemud,2,AKH,1.66,53.31,2,M,3,1,0,0,Worm too small to keep,
6/20/23,littlemud,3,AKH,1.47,52.71,0,F,1,0,0,0,,
6/20/23,littlemud,4,AKH,2,55.13,0,M,3,0,0,0,Gill copepod parasites and glochidia,
6/20/23,littlemud,5,AKH,2.16,56.46,0,M,3,0,0,1,GIll copepod parasites and glochidia,
6/20/23,littlemud,6,AKH,2.06,54.52,0,M,3,0,0,0,,
6/20/23,littlemud,7,AKH,1.57,50.01,0,F,3,0,0,0,Gill copepod parasites,
6/20/23,littlemud,8,AKH,1.73,52.51,0,F,1,0,0,0,,
6/20/23,littlemud,9,AKH,4,67.83,0,M,3,0,0,0,Gill copepod parasites,
6/20/23,littlemud,10,AKH,2.2,55.23,0,F,3,0,0,0,Gill copepod parasites,
6/20/23,littlemud,11,AKH,0.9,44,0,F,1,0,0,0,Gill copepod parasites,
6/20/23,echo,1,AKH,0.68,41.17,0,M,2,1,0,0,Apatemon an glochidia,
6/20/23,echo,2,AKH,3.16,65.48,1,F,2,8,0,0,Glochidia,
6/20/23,echo,3,AKH,0.96,48.25,0,F,3,2,0,0,Cut one schisto in half,
6/20/23,echo,4,AKH,1.35,53.94,0,F,3,0,0,0,Apatemon and glochidia,
6/20/23,echo,5,AKH,2.22,58.86,0,M,3,2,0,0,glochidia,
6/20/23,echo,6,AKH,1.47,57.25,0,F,3,0,0,0,Glochidia,
6/20/23,echo,7,AKH,1,46.6,0,F,3,0,0,0,Glochidia,
6/20/23,echo,8,AKH,2.29,62.12,0,M,3,4,0,0,Glochidia,
6/20/23,echo,9,AKH,3.21,65.37,0,M,3,0,0,0,,
6/20/23,echo,10,AKH,1.08,48.13,0,F,3,0,0,0,Glochidia,
6/20/23,echo,11,AKH,2.74,64.13,0,M,3,0,0,0,,
6/20/23,echo,12,AKH,0.63,36.87,0,F,1,5,0,0,"only one side of gills swabbed, 3 tiny ",
6/20/23,echo,13,AKH,3.72,65.11,0,M,3,1,0,0,"both spines taken, glugea and glochidia, HK covered in glugea",
6/20/23,echo,14,AKH,0.97,48.06,0,F,1,0,0,0,,
6/20/23,echo,15,AKH,1.21,49.62,0,F,1,0,0,0,Glochidia,
6/20/23,echo,16,AKH,2.48,62.05,0,F,3,3,0,0,Apatemon and glugea,
6/20/23,echo,17,AKH,1.57,52.42,0,M,3,0,0,0,Glochidia,
6/20/23,echo,18,AKH,1.52,54.4,0,F,2,1,0,0,Glochidia and weird overies,
6/20/23,echo,19,AKH,2.31,62.4,0,M,3,0,0,0,Glochiia,
6/23/23,nimpkish,1,AKH,1.7,53.43,0,M,1,2,0,0,"Glochidia, copepods in gill",
6/23/23,nimpkish,2,AKH,3.11,66.41,0,F,3,1,0,0,Glochidia and apatemon,
6/23/23,nimpkish,3,AKH,1.48,50.83,0,F,1,1,0,0,,
6/23/23,nimpkish,4,AKH,1.87,55.92,0,M,1,1,0,0,,
6/23/23,nimpkish,5,AKH,1.61,53.1,0,F,1,1,0,0,"Swabbed only one side, growth in gills, glugia in gills?",
6/23/23,nimpkish,6,AKH,1.49,51.81,0,F,1,1,0,0,,
6/23/23,nimpkish,7,AKH,3.33,67.36,0,M,3,1,0,0,Apatemon,
6/23/23,nimpkish,8,AKH,3.66,NA,0,M,3,1,0,0,Glochidia,
6/23/23,nimpkish,9,AKH,2.31,55.56,0,M,1,3,3,0,Glochidia,
6/23/23,nimpkish,10,AKH,2.07,58.1,0,M,1,2,0,0,,
6/23/23,nimpkish,11,AKH,1.84,50.88,0,F,1,2,0,0,,
6/23/23,nimpkish,12,AKH,1.26,48.37,0,M,1,2,0,0,,
6/23/23,nimpkish,13,AKH,2.12,55.39,0,F,1,3,1,1,,
6/23/23,nimpkish,14,AKH,2.15,57.82,0,F,1,1,0,0,,
6/23/23,nimpkish,15,AKH,1.18,49.4,0,F,1,1,0,0,Copepods in gills,
6/23/23,nimpkish,16,GAC,2.6,64.39,0,M,3,0,0,0,Glochidia,
6/23/23,nimpkish,17,GAC,2.48,62.89,0,M,1,2,1,0,Glochidia,
6/23/23,nimpkish,18,GAC,2.54,68.39,0,F,2,1,0,0,Glochidia,
6/23/23,nimpkish,19,GAC,2.34,60.1,0,F,1,2,0,0,Glochidia,
6/23/23,nimpkish,20,GAC,2.56,61.59,0,M,3,1,0,0,Incysted worm smaller than free worm,
6/23/23,roselle,1,AKH,1.92,60.52,0,F,3,0,0,0,Apatemon,
6/23/23,roselle,2,AKH,2.14,60.62,0,F,3,0,0,0,,
6/23/23,roselle,3,AKH,1.26,49.9,1,M,3,1,1,0,1 worm broken,
6/23/23,roselle,4,AKH,1.67,56.15,2,F,2,0,1,0,Apatemon,
6/23/23,roselle,5,AKH,2.54,58.17,0,M,3,0,0,0,,
6/23/23,roselle,6,GAC,2,57.91,0,M,3,0,1,0,,
6/23/23,roselle,7,GAC,1.99,55.97,1,M,3,0,0,0,,
6/23/23,roselle,8,GAC,2.3,58.22,0,M,3,0,0,0,Apatemon,
6/23/23,roselle,9,GAC,1.34,50.51,0.5,F,3,0,0,0,Apatemon,
6/23/23,roselle,10,GAC,2.11,57.62,0,M,3,0,0,0,,
6/23/23,roselle,11,GAC,2.15,58.83,0,M,3,0,0,0,,
6/23/23,roselle,12,GAC,1.54,50.98,0,M,3,0,0,0,,
6/23/23,roselle,13,GAC,1.6,54.93,0,M,3,1,0,0,,
6/23/23,roselle,14,GAC,2,58.48,0,M,3,0,0,0,,
6/23/23,theirmer,1,AKH,4.66,71.82,0,M,3,2,0,0,"Free schisto too tiny, not worth keeping, Theimer fish not worth keeping",
6/23/23,theirmer,2,AKH,3.39,65.79,0,M,3,0,0,0,Apatemon,
6/23/23,theirmer,3,AKH,4.13,71.67,0,M,3,0,0,0,,
6/23/23,theirmer,4,AKH,3.25,67.5,0,M,3,0,0,0,"May have been confused with number three, both got out of ms222 at the same time, swab might have been switched",
6/23/23,theirmer,5,AKH,3.95,70.77,0,M,3,0,2,0,"kept one incysted worm, other too small",
6/23/23,theirmer,6,GAC,3.92,69.4,0,F,3,0,0,0,,
6/23/23,theirmer,7,GAC,4.12,71.74,0,M,3,0,0,0,,
6/23/23,theirmer,8,GAC,3.4,66.6,0,M,3,0,0,0,Apatemon,
6/23/23,theirmer,9,GAC,3.42,65.34,0,M,3,0,0,0,Apatemon,
6/23/23,theirmer,10,GAC,1.33,50.15,0,M,1,0,0,0,,
6/23/23,theirmer,11,GAC,4.84,25.39,0,M,3,0,0,0,Apatemon and glugia,
6/23/23,theirmer,12,GAC,2.85,65.62,0.5,M,3,0,0,0,,
6/24/23,beaver,1,AKH,2.65,64.28,0,M,3,0,0,0,Glugia,
6/24/23,beaver,2,AKH,2.19,61.25,0,M,3,0,0,0,White spots on gills?,
6/24/23,beaver,3,AKH,1.61,53.45,0,M,3,0,0,0,,
6/24/23,beaver,4,AKH,2.58,62.14,0,M,3,0,0,0,Glugia everywhere,
6/24/23,beaver,5,AKH,1.84,56.14,0,M,3,0,0,0,Glugia,
6/24/23,beaver,6,GAC,1.9,55.17,0,M,3,0,0,0,,
6/24/23,beaver,7,GAC,2.48,57.88,0,M,3,0,0,0,,
6/24/23,beaver,8,GAC,1.38,49.28,0,M,3,0,0,0,,
6/24/23,beaver,9,GAC,1.1,47.09,0,M,3,0,0,0,Glugia,
6/24/23,beaver,10,GAC,1.71,55.81,0.5,M,3,0,0,0,,
6/24/23,gramma,1,AKH,3.6,65.19,0,M,3,0,0,0,,
6/24/23,gramma,2,AKH,1.48,49.45,0.5,F,1,0,0,0,,
6/24/23,gramma,3,AKH,1.82,51.55,0,M,3,0,0,0,,
6/24/23,gramma,4,AKH,4.41,64.76,0,F,3,2,0,0,"Super gravid, some eggs came out, glochidia",
6/24/23,gramma,5,AKH,1.43,48.9,0,M,2,0,0,0,Glochidia,
6/24/23,gramma,6,AKH,3.64,64.19,0,M,3,1,0,0,Schisto cut in half,
6/24/23,gramma,7,AKH,2.79,57.79,0,M,3,6,0,0,,
6/24/23,gramma,8,AKH,2.87,59.98,0,F,3,0,0,0,Tape worms in gut,
6/24/23,gramma,9,AKH,1.62,47.91,0,F,1,1,0,1,,
6/24/23,gramma,10,AKH,2.24,54.26,0,F,3,0,0,0,Glochidia,
6/24/23,gramma,11,AKH,2.37,54.88,0,M,3,0,0,0,,
6/24/23,gramma,12,AKH,2.13,53.81,0,M,3,0,0,0,,
6/24/23,gramma,13,AKH,4.1,66.09,0,F,3,0,0,0,,
6/24/23,gramma,14,AKH,1.42,46.36,0,F,1,1,0,0,,
6/24/23,gramma,15,AKH,2.05,53.19,0,M,3,0,0,0,,
6/24/23,joe,1,AKH,3.46,66.23,0.5,M,3,1,0,0,Very thin schisto?,
6/24/23,joe,2,AKH,5.93,73.27,0,F,3,0,0,0,"Both spines taken, worms in gut",
6/24/23,joe,3,AKH,4.54,69.22,0,F,3,0,0,0,,
6/24/23,joe,4,AKH,3.7,67.58,0,M,3,0,0,0,,
6/24/23,joe,5,AKH,5.4,76.47,0,M,3,0,1,0,,
6/24/23,joe,6,AKH,3.66,65.26,1,M,3,0,0,1,,
6/24/23,joe,7,AKH,3.47,66.92,0,M,3,0,0,0,,
6/24/23,joe,8,AKH,5.85,80.33,0,F,3,0,0,0,Glochidia,
6/24/23,joe,9,AKH,4.58,71.51,0,M,3,0,0,0,Worms in gut,
6/24/23,joe,10,AKH,5.61,76.46,0,F,3,0,0,0,Glochidia,
6/24/23,joe,11,AKH,3.41,69.34,0,M,3,0,0,0,Glochidia,
6/24/23,joe,12,AKH,5.33,73.99,0,F,3,0,0,0,Glochidia,
6/26/23,littlewoss,1,GAC,0.87,43.54,0,F,3,0,0,0,Apatemon,
6/26/23,littlewoss,2,GAC,1.6,49.87,0,M,3,0,0,0,,
6/26/23,littlewoss,3,GAC,1.54,50.22,0,M,3,0,0,0,Glochidia,
6/26/23,littlewoss,4,GAC,1.26,48.52,0,M,3,0,0,0,,
6/26/23,littlewoss,5,GAC,1.64,52.02,0,M,3,0,0,0,Glochidia,
6/26/23,littlewoss,6,GAC,1.67,50.2,0,M,3,0,0,0,,
6/26/23,littlewoss,7,GAC,1.13,46.5,0,M,3,0,0,0,Glochidia,
6/26/23,littlewoss,8,GAC,1.44,48.54,0,M,3,2,0,0,Glochidia,
6/26/23,littlewoss,9,GAC,1.57,51.06,0,M,3,0,0,0,Apatemon,
6/26/23,littlewoss,10,GAC,1.53,49.99,0,M,3,0,0,0,Glochidia,
6/26/23,littlewoss,11,GAC,1.66,50.74,0,M,3,3,0,0,,
6/26/23,littlewoss,12,GAC,2,51.39,0,M,3,2,0,0,,
6/26/23,littlewoss,13,GAC,1.28,48.21,0,F,2,0,0,0,,
6/26/23,woss,1,GAC,2.23,53.49,1,F,3,2,0,0,Glochidia,
6/26/23,woss,2,GAC,2.08,51.12,1,F,2,5,0,0,Glochidia,
6/26/23,woss,3,GAC,1.17,43.8,1,F,2,2,0,0,Glochidia,
6/26/23,woss,4,GAC,1.51,48.94,0,F,2,1,0,0,Glochidia,
6/26/23,woss,5,GAC,2,52.75,1,F,2,1,0,1,"Glochidia, apatemon, Eust punctured on accident",
6/26/23,woss,6,GAC,2.58,56.73,0,M,3,1,0,0,,
6/26/23,woss,7,GAC,2.88,61.41,0,F,2,1,0,0,Worm in ovaries and glochidia,
6/26/23,woss,8,GAC,1.75,49.48,1,F,2,1,0,0,"Gull bladder cloudy, Glochidia",
6/26/23,woss,9,GAC,2.51,55.34,1,F,2,10,1,0,Glochidia,
6/26/23,woss,10,GAC,0.73,37.62,1,F,1,1,0,0,Glochidia,
6/26/23,woss,11,GAC,2.3,57.34,0,M,3,1,0,0,,
6/26/23,woss,12,GAC,2.01,51.71,0.5,F,3,1,0,0,"Glochidia, swim bladder worm?",
6/26/23,woss,13,GAC,2.56,57.35,0,M,3,0,0,0,Glochidia,
6/26/23,woss,14,GAC,2,54.51,1,F,2,2,0,1,Glochidia,
6/26/23,woss,15,GAC,2.42,58.93,0,M,3,0,0,0,Glochidia,
6/26/23,woss,16,GAC,2.37,53.7,0.5,F,2,3,0,0,"Glochidia, Head kidneys are greenish",
6/26/23,woss,17,GAC,2.34,52.85,0.5,F,2,3,0,0,"Worms out the butthole, Glochidia",
6/26/23,woss,18,GAC,2.54,56.5,1,F,3,2,0,1,Glochidia,
6/26/23,woss,19,GAC,2.53,55.6,0,F,3,0,0,0,,
6/26/23,woss,20,GAC,2.11,55.65,0,M,3,0,0,0,Glochidia,
6/27/23,TSI,1,GAC,1.45,47.17,0,F,1,2,0,0,,
6/27/23,TSI,2,GAC,3.07,62,0,M,3,0,0,0,Glochidia,
6/27/23,TSI,3,GAC,5.93,78.7,0,M,3,0,0,0,Glochidia,
6/27/23,TSI,4,GAC,3.46,66.36,0,M,1,1,0,0,Glochidia,
6/27/23,TSI,5,GAC,2.45,55.89,0,F,1,3,1,0,,
6/27/23,TSI,6,GAC,2.89,60.83,0,M,3,0,0,0,Glochidia,
6/27/23,TSI,7,GAC,3.17,62.84,0,M,1,3,0,0,Cloudy gull bladder,
6/27/23,TSI,8,GAC,2.89,62.76,0,M,3,0,0,0,Glochidia,
6/27/23,TSI,9,GAC,2.56,59.7,0,M,3,0,0,0,Glochidia,
6/27/23,TSI,10,GAC,2.58,62.5,0,M,3,0,0,0,,
6/27/23,TSI,11,GAC,3.35,64.06,0,M,3,0,0,0,,
6/27/23,TSI,12,GAC,4.82,72.48,0,M,3,0,0,0,Glochidia,
6/27/23,TSI,13,GAC,3.15,61.85,0,M,3,0,0,0,Dark gull bladder,
6/27/23,TSI,14,GAC,5.32,75.98,0,M,3,0,0,0,Apatemon and glochidia,
6/27/23,anutz,1,GAC,2.47,62.57,0,F,3,0,0,1,Apatemon and glochidia,"Anutz fish stressed before dissection, collection buckets were anoxic, lots of fish died, only live fish used for dissections"
6/27/23,anutz,2,GAC,2.43,57.43,0,M,3,0,0,0,Glochidia,
6/27/23,anutz,3,GAC,2.72,68.77,0,F,3,0,0,0,Glochidia,
6/27/23,anutz,4,GAC,2.4,60.69,0.5,M,1,2,8,0,"Glochidia, small worms were all incysted and dead",
6/27/23,anutz,5,GAC,3.94,72.06,0,F,3,0,0,0,"Glochidia, liver in 80% ETOH",
6/27/23,anutz,6,GAC,2.8,67.32,0,F,2,0,0,0,Glochidia,
6/27/23,anutz,7,GAC,2.17,62.32,0,F,3,0,0,0,Glochidia,
6/27/23,anutz,8,GAC,3.63,65.79,0,M,3,1,0,1,Mystery Potato ball (future knowledge glugia?),
6/27/23,anutz,9,GAC,1.24,48.3,0,F,1,0,0,0,Apatemon ,
6/27/23,anutz,10,GAC,3.02,62.37,0,M,3,0,0,1,Glochidia,
6/27/23,anutz,11,GAC,3.08,67.48,0,M,3,0,0,0,Glochidia,
6/27/23,anutz,12,GAC,2.7,61.12,0,M,3,0,0,0,Glochidia and worm on swim bladder,
6/27/23,anutz,13,GAC,3.48,64.42,0,M,3,1,1,0,Glochidia,
6/27/23,anutz,14,GAC,2.7,68.33,0,F,3,0,0,0,"Glochidia, cloudy gull bladder, gull bladder worm?",
6/27/23,anutz,15,GAC,2.44,65.25,0,M,3,0,0,0,Glochidia,
6/29/23,vernon,1,GAC,0.83,38.43,0,M,3,1,0,0,Glochidia and HK relatively large,
6/29/23,vernon,2,GAC,0.39,31.82,0.5,M,3,1,0,0,Big HK,
6/29/23,vernon,3,GAC,0.86,41.27,0.5,M,3,2,0,0,1 schisto super tiny,
6/29/23,vernon,4,GAC,0.95,40.89,0,M,3,1,4,0,Glochidia,
6/29/23,vernon,5,GAC,1.22,44.69,1,M,3,1,3,0,Glochidia and glugea,
6/29/23,vernon,6,GAC,1.36,47.55,1,M,3,1,10,1,"Worms in gut, apatemon",
6/29/23,vernon,7,GAC,0.66,38.51,1,M,3,2,3,0,Worms in gut,
6/29/23,vernon,8,GAC,0.53,33.81,1,M,1,1,1,0,,
6/29/23,vernon,9,GAC,0.57,36.67,1,M,3,1,2,0,"Glochidia, worms in gut",
6/29/23,vernon,10,GAC,1.12,42.89,1,M,3,1,8,0,Glochidia,
6/29/23,vernon,11,GAC,0.67,37.18,1,M,3,1,2,0,,
6/29/23,vernon,12,GAC,1.18,45.47,1,F,3,2,0,0,Apatemon,
6/29/23,vernon,13,GAC,1.69,50.88,0,F,2,2,0,0,Glugea,
6/29/23,vernon,14,GAC,1.1,44.81,0,M,3,2,0,0,,
6/29/23,vernon,15,GAC,1.26,45.28,0,M,3,3,5,0,,
6/29/23,vernon,16,GAC,0.65,43.49,0,F,2,0,0,0,Glochidia,
6/29/23,vernon,17,GAC,0.83,38.45,1,M,3,6,7,0,Glochidia,
6/29/23,vernon,18,GAC,1.08,47.16,0,M,3,4,4,0,Worms in gut,
6/29/23,vernon,19,GAC,1,44.36,0,F,3,0,0,0,Glochidia,
6/29/23,vernon,20,GAC,1,42.79,1,M,3,1,9,0,,
6/29/23,muchalata,1,GAC,2.15,56.83,0,F,3,0,0,1,Glochidia,
6/29/23,muchalata,2,GAC,1.81,51.82,0,M,3,0,3,0,,
6/29/23,muchalata,3,GAC,0.98,43.49,0,F,3,0,0,0,,
6/29/23,muchalata,4,GAC,2.84,62.29,0,F,3,0,0,3,Glochidia and glugea,
6/29/23,muchalata,5,GAC,1.51,49.39,0,M,3,3,1,1,Glochidia,
6/29/23,muchalata,6,GAC,2.18,56.71,0,F,3,0,0,4,Glochidia,
6/29/23,muchalata,7,GAC,1.54,50.32,0,F,3,0,0,0,Glochidia,
6/29/23,muchalata,8,GAC,1.4,50.48,0,M,3,0,1,0,Glochidia,
6/29/23,muchalata,9,GAC,1.27,48.71,0,M,3,0,0,0,Glochidia,
6/29/23,muchalata,10,GAC,1.36,49.67,0,M,3,2,2,1,Glochidia,
6/29/23,muchalata,11,GAC,1.07,47.61,0,M,3,0,0,0,Glochidia,
6/29/23,muchalata,12,GAC,1.55,50.18,0,F,3,0,0,2,Glochidia,
6/29/23,muchalata,13,GAC,1.66,54.94,0,F,2,0,0,0,,
6/29/23,muchalata,14,GAC,1.67,53.6,0,F,3,0,0,0,Glochidia,
6/29/23,muchalata,15,GAC,0.98,45.64,0,F,2,0,0,0,Glochidia,
6/29/23,muchalata,16,GAC,2.71,58.88,0,F,3,0,1,2,Glochidia,
6/29/23,muchalata,17,GAC,0.98,42.01,0,M,1,1,0,1,,
6/29/23,muchalata,18,GAC,2.11,54.7,0,F,3,0,0,1,Glochidia,
6/29/23,muchalata,19,GAC,1.13,46.61,0,F,3,0,0,0,Glochidia,
6/29/23,muchalata,20,GAC,1.77,51.88,0,F,3,0,0,1,"Worms in gull bladder, glochidia",
6/30/23,kidney,1,GAC,1.21,46.55,0,M,3,0,0,0,"Unknown incysted mass near testes, not schisto",
6/30/23,kidney,2,GAC,1.29,48.02,1,M,3,1,2,0,,
6/30/23,kidney,3,GAC,1.12,48.3,1,M,3,0,3,0,,
6/30/23,kidney,4,GAC,0.98,44.74,1,M,3,0,1,1,,
6/30/23,kidney,5,GAC,0.99,43.16,0,M,3,0,0,0,,
6/30/23,kidney,6,GAC,1.1,45.72,1,M,3,0,2,0,,
6/30/23,kidney,7,GAC,1.09,46.18,1,M,3,0,3,0,Worms in gut,
6/30/23,kidney,8,GAC,1.16,45.86,1,M,3,0,0,0,,
6/30/23,kidney,9,GAC,1.25,47.73,0.5,M,3,0,1,0,Incysted worm too small to keep,
6/30/23,kidney,10,GAC,0.55,36.47,2,F,1,0,1,0,"Pus filled ball, worm inside",
6/30/23,kidney,11,GAC,1.75,52.25,1,M,3,0,2,0,,
6/30/23,kidney,12,GAC,0.98,45.56,0.5,M,3,0,4,0,,
6/30/23,kidney,13,GAC,0.89,42.7,1,M,3,0,6,0,Incysted worms not kept,
6/30/23,kidney,14,GAC,1.28,47.61,0.5,M,3,0,3,0,Worm filled pus ball,
6/30/23,kidney,15,GAC,0.75,39.62,0,F,3,0,1,0,Incysted too small too keep,
6/30/23,kidney,16,GAC,2.08,55.68,0,M,3,0,0,1,,
6/30/23,kidney,17,GAC,0.94,43.43,1,F,3,0,1,0,incysted too small to keep,
6/30/23,kidney,18,GAC,1.18,47.84,0.5,M,3,0,1,0,incysted too small to keep,
6/30/23,kidney,19,GAC,1.14,47.23,0.5,M,3,0,3,0,incysted too small to keep,
6/30/23,kidney,20,GAC,0.9,43.5,1,M,3,0,1,0,,
,,,,,,,,,,,,,
,,,,,,,,,,,,,
,,,,#NAME?,#NAME?,#NAME?,#NAME?,#NAME?,#NAME?,#NAME?,#NAME?,,